<?xml version="1.0"?>
<doc>
    <assembly>
        <name>TGS.ValeGas.Selo.Api</name>
    </assembly>
    <members>
        <member name="M:TGS.ValeGas.Selo.Api.Controllers.SeloController.Consultar(System.String)">
            <summary>
            Consultar Selo pelo Número de Identificação.
            </summary>
            <param name="selo"></param>
            <returns></returns>
            <response code="200">Consultar Selo pelo Número de Identificação.</response>
            <response code="400">Falha interna</response>
            <response code="401">Token inválido</response>
            <response code="403">Token Expirado</response>
        </member>
        <member name="M:TGS.ValeGas.Selo.Api.Controllers.SeloController.Pedido(TGS.ValeGas.Infra.DTOs.Selo.SeloPedidoDto)">
            <summary>
            Requisição novos selos
            </summary>
            <param name="pedido"></param>
            <returns></returns>
            <response code="200">Requisição realizada com sucesso</response>
            <response code="400">Falha interna</response>
            <response code="401">Token inválido</response>
            <response code="403">Token Expirado</response>
        </member>
    </members>
</doc>
